id,email,password,createdAt,updatedAt
1,cait.sidener@gmail.com,$2a$10$vXZ9mH2ZihPJnoaJRihbwexU0UUqunnhZRVtEgo80y8qk8qQz9FeW,"2019-03-20 00:21:25","2019-03-20 00:21:25"
2,eli@gmail.com,$2a$10$S1Hnj/50mxfjdXKwG2cq3uV2UzwK5v8wbQM3ygJEIRO5ffW4VwCIi,"2019-03-20 00:45:23","2019-03-20 00:45:23"
3,george@gmail.com,$2a$10$T6W/F8TNKN.x.DsYR3q07Oid5UQcOZehLpwdP39iKQ4jbnd50FLWK,"2019-03-21 01:43:03","2019-03-21 01:43:03"
6,frank@gmail.com,$2a$10$3Gv82Q9FYuIyXwL.lrDTjem86w.YHPKYUw5c.oKPRxKAGPxPmEwFW,"2019-03-21 01:53:39","2019-03-21 01:53:39"
8,bruce@batman.com,$2a$10$MiVtdZQLkQs8.xQl2e113O6Ok/hWPKJCoYZhApBfK8X2J0PN2iFmi,"2019-03-21 01:54:15","2019-03-21 01:54:15"
9,oona@reh.com,$2a$10$fKIOVERGEMkWdwcwKdFgGuMYPSnTAv3Z9Dl.qP9.uy9Av3BNDbW6.,"2019-03-21 02:03:58","2019-03-21 02:03:58"
10,pumpkin@spice.com,$2a$10$f2jLYEIqoGjO7/13qQfv/OIWZLHyVPLgRwJptASdTPkRXQawjBVl2,"2019-03-21 02:18:05","2019-03-21 02:18:05"
11,brett@gaynor.com,$2a$10$saPHj7iiXA6Lbqm279ZBOe6.U3n5WI324y.mWCm6ZQhrgvgHrB2g6,"2019-03-21 02:24:11","2019-03-21 02:24:11"
12,jimbo@gmail.com,$2a$10$3/PePNgLK99iPq4vO2mJuOQp8a6ypo8Xbb8KX7urMTlcDTlQEzPS2,"2019-03-21 02:29:45","2019-03-21 02:29:45"
13,doro@gmail.com,$2a$10$F1ja8TB.sZyVORpQQTSnee06a.nFwnB7DAHBxt1Q602U9Wlz0VY02,"2019-03-21 02:31:38","2019-03-21 02:31:38"
14,rodenbeek@gmail.com,$2a$10$yoUb2JtTvpzMSZeUGCxB.OW4rAu.XJjUj2Gq6TvZGVlOvjyid2XLO,"2019-03-21 02:34:23","2019-03-21 02:34:23"
15,saltshaker@gmail.com,$2a$10$vJMFMFYdQZvQeh7jSMTj.uXKa9DxgP23K0SymtGuY2TtagCRFUbY6,"2019-03-21 02:41:28","2019-03-21 02:41:28"
16,oliveoil@gmail.com,$2a$10$.lSO5RKEG2zp4p1CJQ/svexnFHG6LDn5p7OrdRyjXFbHp7mpTbCZy,"2019-03-21 02:48:46","2019-03-21 02:48:46"
17,brucefarts@gmail.com,$2a$10$IKYRXPCLJcCgAnQoCKCV1OmNxipVjox7qaRInfpnTqOsjgUxOI0NW,"2019-03-21 03:01:08","2019-03-21 03:01:08"
18,garage@door.com,$2a$10$MqjDcsZl0hxsbIhP.S0kz.s0ZCsj8AnGFFUMTCnkyLGgW4bUKZB26,"2019-03-21 03:02:00","2019-03-21 03:02:00"
19,garage.door@gmail.com,$2a$10$H5YzBof7hZGAyo2xf6aOu.xOaGKGwr607kbB.JriWkGeCOp39GRpK,"2019-03-21 03:02:50","2019-03-21 03:02:50"
20,kitchen@table.com,$2a$10$6y/3m.KHRwlKkCVt8.w5SeafiBpIJ8kbXzcEayETFG/VB/tUfgmSu,"2019-03-21 03:06:59","2019-03-21 03:06:59"
21,chair@gmail.com,$2a$10$0vchBkqB0eTCUm/OMThZmepthIMJ5CzTcus3JFUD.QsZHqwKzDHg2,"2019-03-21 03:09:24","2019-03-21 03:09:24"
22,table@gmail.com,$2a$10$rIWZQZRqtSqygDNoVtpgteAr/rJpKt0M7eeCjrDImuSP0hs1Zr60q,"2019-03-21 03:15:48","2019-03-21 03:15:48"
23,booger@gmail.com,$2a$10$VSHH8RoFF2orNWwp2gxHEer03kcV2Fpv3k4aS2XbGpgLbbm0mlvdm,"2019-03-21 03:16:23","2019-03-21 03:16:23"
24,couch@gmail.com,$2a$10$9yAr0tI21UJUKQzQ.T9Ya.OF2aOanBS06yDOXtpTmRt4IF8duABYq,"2019-03-21 03:18:16","2019-03-21 03:18:16"
25,sleepy@gmail.com,$2a$10$GelVMF.6uQy9BZLRtoI7M.m04c7fMt0/ZzaZ04D5VjhoKbQuS5Tnq,"2019-03-21 03:22:14","2019-03-21 03:22:14"
26,cait@gmail.com,$2a$10$cNDtqvi4tGD7wv0VwBXeB.CzQ.YHs4suSULATB4uWNUmXFCyX7TdW,"2019-03-21 03:23:28","2019-03-21 03:23:28"
27,batman@gmail.com,$2a$10$yypY/TxpQZL2ITUDm7rGM.r3Mqpi0vTbLb4dd4zJcNeVLbDuR8daO,"2019-03-21 03:26:58","2019-03-21 03:26:58"
28,book@gmail.com,$2a$10$SdImOuLoQ6RCMpj7pVRrb.J47RE.TxqhOwsnKUu1d1HPFR3JmhRYm,"2019-03-21 03:31:59","2019-03-21 03:31:59"
30,poopypants@gmail.com,$2a$10$jIEHHVlHivGfTmh9ll4vgOj3.D1ih.Y7fR4fkYiWosMrCmPqm6M62,"2019-03-21 21:33:04","2019-03-21 21:33:04"
31,taco@pizza.com,$2a$10$XVVQXBC.tSf0nXbyEiMBh.s4yVes1O3AwjMgVhK1by8Azb6y/ZnKu,"2019-03-21 22:59:54","2019-03-21 22:59:54"
